{
    "balance": 5025.444039115553,
    "open_position": null,
    "realized_pnl": 25.444039115554553,
    "cooldown_remaining": 3,
    "journal_entry": null
}