{
    "balance": 5013.53290264143,
    "open_position": null,
    "realized_pnl": 13.532902641430187,
    "cooldown_remaining": 0,
    "journal_entry": null
}