{
    "balance": 4996.2623415143025,
    "open_position": null,
    "realized_pnl": -3.737658485697959,
    "cooldown_remaining": 0,
    "journal_entry": null
}