{
    "balance": 4990.510212273077,
    "open_position": null,
    "realized_pnl": -9.489787726923316,
    "cooldown_remaining": 0,
    "journal_entry": null
}