{
    "balance": 4986.294846030495,
    "open_position": null,
    "realized_pnl": -13.705153969505117,
    "cooldown_remaining": 0,
    "journal_entry": null
}