{
    "balance": 4969.185031505351,
    "open_position": null,
    "realized_pnl": -30.814968494648525,
    "cooldown_remaining": 0,
    "journal_entry": null
}