{
    "balance": 4998.816021325095,
    "open_position": null,
    "realized_pnl": -1.183978674905175,
    "cooldown_remaining": 3,
    "journal_entry": null
}