{
    "balance": 4971.854480249881,
    "open_position": null,
    "realized_pnl": -28.1455197501201,
    "cooldown_remaining": 3,
    "journal_entry": null
}